{"mg": {"train_losses": [25.04923324584961, 15.05550308227539, 8.399590396881104, 4.867437744140625, 3.135581541061401, 2.3220638275146483, 1.8793647766113282, 1.5098938465118408, 1.3548722982406616, 1.0443082571029663, 1.0018815755844117, 0.8585710287094116, 0.7586931109428405, 0.7006922960281372], "val_losses": [21.314157485961914, 13.799474716186523, 8.896191596984863, 7.961327075958252, 7.5977067947387695, 6.842402935028076, 6.079719066619873, 5.305183410644531, 5.587178707122803, 4.929215908050537, 5.266695022583008, 5.341238498687744, 5.541326522827148, 5.138073444366455], "train_f1s": [0.5322286406982453, 0.737587325028378, 0.854350106891995, 0.938550829499202, 0.9636803708714459, 0.9739652660034116, 0.9813229006543945, 0.9850536362910779, 0.9864673401641681, 0.9904907086564417, 0.9898233528363581, 0.9924734572133683, 0.995547886941073, 0.9968825502319808], "val_f1s": [0.6615646258503401, 0.7261904761904762, 0.8452380952380952, 0.8792517006802721, 0.891156462585034, 0.8979591836734694, 0.9098639455782312, 0.9183673469387755, 0.9064625850340136, 0.9319727891156463, 0.9200680272108843, 0.9251700680272109, 0.9149659863945578, 0.9183673469387755]}, "fo": {"train_losses": [25.436799240112304, 21.95175437927246, 21.164286422729493, 19.400334930419923, 17.581254386901854, 15.593305397033692, 13.69482879638672, 11.621323585510254, 9.516245365142822, 7.529788875579834, 6.305442142486572, 5.676057243347168, 5.2151649475097654, 4.199786949157715, 3.914519929885864, 3.324274206161499, 2.9470112323760986, 2.6445239543914796, 2.4083526849746706, 2.098913288116455], "val_losses": [21.22722625732422, 20.80728530883789, 19.8520565032959, 18.16214942932129, 16.721084594726562, 15.131165504455566, 14.020593643188477, 12.566197395324707, 11.149882316589355, 10.295205116271973, 10.250070571899414, 8.966337203979492, 8.692619323730469, 8.3617525100708, 7.313087463378906, 8.684013366699219, 7.438286304473877, 9.226539611816406, 7.028456211090088, 7.412849426269531], "train_f1s": [0.5957508052339797, 0.7042888169298862, 0.7042888169298862, 0.7042888169298862, 0.7179274373036902, 0.7385642432554173, 0.7554805751394778, 0.8116566373966421, 0.8653065880178353, 0.8977007972110913, 0.9147807798248013, 0.9211914973723051, 0.9259310816828392, 0.9429858770548716, 0.9470951106175424, 0.95236718141668, 0.9599184492755256, 0.9616720810964712, 0.9674668610439024, 0.9740263548794342], "val_f1s": [0.697841726618705, 0.697841726618705, 0.697841726618705, 0.6960431654676259, 0.7284172661870504, 0.7302158273381295, 0.7553956834532374, 0.8057553956834532, 0.8345323741007195, 0.8579136690647482, 0.8669064748201439, 0.8525179856115108, 0.8651079136690647, 0.8687050359712231, 0.8848920863309353, 0.8705035971223022, 0.8758992805755396, 0.8741007194244604, 0.8920863309352518, 0.8884892086330936]}, "co": {"train_losses": [17.089204406738283, 13.72642250061035, 12.623128509521484, 10.720671463012696, 9.024697303771973, 7.266681480407715, 6.326077175140381, 5.484615707397461, 4.571189880371094, 3.851387071609497, 2.9807849884033204, 2.480494737625122, 2.146007251739502, 2.033921003341675, 1.9987221002578734, 1.663528037071228, 1.4614498138427734, 1.2969200134277343, 1.2681124687194825, 1.0668047308921813], "val_losses": [13.925658226013184, 12.80359935760498, 11.466845512390137, 10.116555213928223, 8.364995956420898, 7.238175868988037, 6.681517601013184, 6.4648637771606445, 6.5531721115112305, 6.214447975158691, 6.082678318023682, 5.882624626159668, 6.493430137634277, 6.055243015289307, 6.428372383117676, 5.805158615112305, 5.884716033935547, 6.45947790145874, 5.78428840637207, 6.571745872497559], "train_f1s": [0.5512789843557194, 0.6471849752105594, 0.6637506706095181, 0.7323497732384313, 0.782801188412188, 0.8166233948507197, 0.8354771170691369, 0.847040323129632, 0.8793464789607158, 0.8981891313934558, 0.9299213207990311, 0.9472064938041557, 0.9560842515038489, 0.9552187343494387, 0.9546362539999768, 0.9651206342034422, 0.9724249596025828, 0.975527505424852, 0.9790448921130468, 0.9853844610748222], "val_f1s": [0.6092307692307692, 0.6092307692307692, 0.64, 0.7046153846153846, 0.76, 0.7692307692307693, 0.8, 0.8061538461538461, 0.8, 0.8153846153846154, 0.8215384615384616, 0.8307692307692308, 0.8215384615384616, 0.8123076923076923, 0.8307692307692308, 0.8215384615384616, 0.8492307692307692, 0.8307692307692308, 0.84, 0.84]}, "hsb": {"train_losses": [30.031904220581055, 25.60081787109375, 22.654040908813478, 20.1941276550293, 18.1006591796875, 15.858147811889648, 13.206391525268554, 10.841095161437988, 8.755454921722412, 6.663175106048584, 5.340885639190674, 4.3174745559692385, 3.8880427837371827, 3.3093449115753173, 3.202331066131592, 2.764571714401245, 2.3704145431518553, 2.0583447456359862, 1.806990957260132, 1.539664125442505], "val_losses": [23.084144592285156, 21.52937126159668, 19.604625701904297, 17.620962142944336, 15.822675704956055, 13.356026649475098, 12.137741088867188, 10.137982368469238, 8.05105209350586, 7.011103630065918, 6.471561431884766, 5.70619535446167, 5.081388473510742, 4.555172920227051, 5.394273281097412, 4.683868885040283, 4.59832239151001, 4.473726749420166, 4.320894241333008, 4.128378391265869], "train_f1s": [0.5080189657914393, 0.6218120692397152, 0.6218120692397152, 0.6687745228771694, 0.6908057270358743, 0.7197106450093498, 0.7865245888954304, 0.8488880151518586, 0.8801707328698486, 0.9146484857251513, 0.9313872812566599, 0.9444472003189828, 0.9490021838051845, 0.952436550779564, 0.959135491881789, 0.9698174832736012, 0.9746586994806125, 0.9812992161369051, 0.984723006209021, 0.9900849385651597], "val_f1s": [0.5826612903225806, 0.5826612903225806, 0.5866935483870968, 0.6612903225806451, 0.7036290322580645, 0.7459677419354839, 0.7741935483870968, 0.8245967741935484, 0.875, 0.8810483870967742, 0.8891129032258065, 0.9092741935483871, 0.9092741935483871, 0.9133064516129032, 0.9092741935483871, 0.9112903225806451, 0.9213709677419355, 0.9294354838709677, 0.9193548387096774, 0.9334677419354839]}, "bh": {"train_losses": [29.687661361694335, 21.975965118408205, 19.503216552734376, 18.021545791625975, 16.53988609313965, 14.848376083374024, 13.377682304382324, 12.324560356140136, 11.460014343261719, 10.15737476348877, 8.837720489501953, 7.4505775451660154, 6.355118942260742, 5.864688968658447, 4.820528221130371, 4.083485126495361, 3.7906336784362793, 3.1900660037994384, 3.0098322868347167, 2.3862584590911866], "val_losses": [21.965408325195312, 18.815406799316406, 17.76894760131836, 16.44892120361328, 14.817872047424316, 13.579633712768555, 12.60168743133545, 12.546793937683105, 11.735360145568848, 10.9716157913208, 10.601913452148438, 9.643394470214844, 9.410776138305664, 9.512736320495605, 9.125700950622559, 9.16511058807373, 8.907673835754395, 9.770956039428711, 8.810784339904785, 8.961773872375488], "train_f1s": [0.5457428867649977, 0.6894038144712376, 0.725875691894875, 0.7486360602596355, 0.7874028992740189, 0.8195660275908381, 0.8400409140500227, 0.8548027585144616, 0.8593156997698109, 0.8685966181548748, 0.885058565225037, 0.9076465758232791, 0.923767861034729, 0.9227876845525719, 0.9377098741315584, 0.950877401230364, 0.9509941611642916, 0.961383292378455, 0.96596568895392, 0.9728690183352796], "val_f1s": [0.6463195691202872, 0.6858168761220825, 0.755834829443447, 0.7719928186714542, 0.8078994614003591, 0.8240574506283662, 0.8330341113105925, 0.8366247755834829, 0.8276481149012568, 0.829443447037702, 0.8312387791741472, 0.8473967684021544, 0.8402154398563735, 0.8581687612208259, 0.8473967684021544, 0.8456014362657092, 0.8545780969479354, 0.8599640933572711, 0.8599640933572711, 0.8725314183123878]},