{"mg": {"train_f1": 0.9438775510204082, "test_f1": 0.9559471365638766}, "fo": {"train_f1": 0.9154676258992805, "test_f1": 0.8948194662480377}, "co": {"train_f1": 0.8461538461538461, "test_f1": 0.8326848249027238}, "hsb": {"train_f1": 0.9455645161290323, "test_f1": 0.8473967684021544}, "bh": {"train_f1": 0.8976660682226212, "test_f1": 0.8549488054607508}, "cv": {"train_f1": 0.9093959731543624, "test_f1": 0.8786127167630058}}