{"mg": {"train_f1": 0.9319727891156463, "test_f1": 0.9559471365638766}, "fo": {"train_f1": 0.8920863309352518, "test_f1": 0.8869701726844584}, "co": {"train_f1": 0.8492307692307692, "test_f1": 0.8171206225680934}, "hsb": {"train_f1": 0.9334677419354839, "test_f1": 0.8384201077199281}, "bh": {"train_f1": 0.8725314183123878, "test_f1": 0.8648208469055375}, "cv": {"train_f1": 0.8993288590604027, "test_f1": 0.8169556840077071}}