{"mg": {"train_f1": 0.9302721088435374, "test_f1": 0.9581497797356828}, "fo": {"train_f1": 0.9244604316546763, "test_f1": 0.9058084772370487}, "co": {"train_f1": 0.8307692307692308, "test_f1": 0.8171206225680934}, "hsb": {"train_f1": 0.9637096774193549, "test_f1": 0.8527827648114902}, "bh": {"train_f1": 0.8779174147217235, "test_f1": 0.8517887563884157}, "cv": {"train_f1": 0.947986577181208, "test_f1": 0.8516377649325626}}