{"mg": {"train_f1": 0.9251700680272109, "test_f1": 0.9515418502202643}, "fo": {"train_f1": 0.9136690647482014, "test_f1": 0.9010989010989011}, "co": {"train_f1": 0.84, "test_f1": 0.8365758754863813}, "hsb": {"train_f1": 0.9516129032258065, "test_f1": 0.8438061041292639}, "bh": {"train_f1": 0.8850987432675045, "test_f1": 0.8756388415672913}, "cv": {"train_f1": 0.9093959731543624, "test_f1": 0.8535645472061657}}