{"mg_id": {"train_f1": 0.9726027397260274, "test_f1": 0.9854166666666667}, "fo_is": {"train_f1": 0.9145454545454546, "test_f1": 0.8630952380952381}, "co_it": {"train_f1": 0.9354838709677419, "test_f1": 0.8888888888888888}, "hsb_pl": {"train_f1": 0.9116161616161617, "test_f1": 0.9434697855750487}, "bh_hi": {"train_f1": 0.9690189328743546, "test_f1": 0.9384288747346072}, "cv_tt": {"train_f1": 0.8690036900369004, "test_f1": 0.8886138613861386}}