{"mg_id": {"train_f1": 0.9780821917808219, "test_f1": 0.9875}, "fo_is": {"train_f1": 0.9145454545454546, "test_f1": 0.8511904761904762}, "co_it": {"train_f1": 0.8663594470046083, "test_f1": 0.8549382716049383}, "hsb_pl": {"train_f1": 0.8939393939393939, "test_f1": 0.9610136452241715}, "bh_hi": {"train_f1": 0.9655765920826161, "test_f1": 0.9363057324840764}, "cv_tt": {"train_f1": 0.8708487084870848, "test_f1": 0.8811881188118812}}