{"mg_id": {"train_f1": 0.9753424657534246, "test_f1": 0.96875}, "fo_is": {"train_f1": 0.9127272727272727, "test_f1": 0.8869047619047619}, "co_it": {"train_f1": 0.9216589861751152, "test_f1": 0.8950617283950617}, "hsb_pl": {"train_f1": 0.898989898989899, "test_f1": 0.9668615984405458}, "bh_hi": {"train_f1": 0.9655765920826161, "test_f1": 0.9490445859872612}, "cv_tt": {"train_f1": 0.8523985239852399, "test_f1": 0.9034653465346535}}