{"mg_id": {"train_f1": 0.9780821917808219, "test_f1": 0.9729166666666667}, "fo_is": {"train_f1": 0.8945454545454545, "test_f1": 0.8412698412698413}, "co_it": {"train_f1": 0.880184331797235, "test_f1": 0.8425925925925926}, "hsb_pl": {"train_f1": 0.8712121212121212, "test_f1": 0.8771929824561403}, "bh_hi": {"train_f1": 0.9586919104991394, "test_f1": 0.9002123142250531}, "cv_tt": {"train_f1": 0.8394833948339483, "test_f1": 0.8712871287128713}}