{"mg_id": {"train_f1": 0.9698630136986301, "test_f1": 0.9875}, "fo_is": {"train_f1": 0.9254545454545454, "test_f1": 0.878968253968254}, "co_it": {"train_f1": 0.8571428571428571, "test_f1": 0.8518518518518519}, "hsb_pl": {"train_f1": 0.898989898989899, "test_f1": 0.9103313840155945}, "bh_hi": {"train_f1": 0.9672977624784854, "test_f1": 0.9341825902335457}, "cv_tt": {"train_f1": 0.8579335793357934, "test_f1": 0.8910891089108911}}