{"mg_id": {"train_f1": 0.9780821917808219, "test_f1": 0.9770833333333333}, "fo_is": {"train_f1": 0.9254545454545454, "test_f1": 0.8928571428571429}, "co_it": {"train_f1": 0.9308755760368663, "test_f1": 0.8950617283950617}, "hsb_pl": {"train_f1": 0.8914141414141414, "test_f1": 0.9668615984405458}, "bh_hi": {"train_f1": 0.9483648881239243, "test_f1": 0.9256900212314225}, "cv_tt": {"train_f1": 0.8468634686346863, "test_f1": 0.8366336633663366}}