{"mg_id": {"train_f1": 0.9780821917808219, "test_f1": 0.99375}, "fo_is": {"train_f1": 0.9072727272727272, "test_f1": 0.8670634920634921}, "co_it": {"train_f1": 0.8709677419354839, "test_f1": 0.8950617283950617}, "hsb_pl": {"train_f1": 0.9191919191919192, "test_f1": 0.9571150097465887}, "bh_hi": {"train_f1": 0.955249569707401, "test_f1": 0.8641188959660298}, "cv_tt": {"train_f1": 0.8302583025830258, "test_f1": 0.8415841584158416}}