{"mg_id": {"train_f1": 0.9780821917808219, "test_f1": 0.9791666666666666}, "fo_is": {"train_f1": 0.9345454545454546, "test_f1": 0.8908730158730159}, "co_it": {"train_f1": 0.8894009216589862, "test_f1": 0.8950617283950617}, "hsb_pl": {"train_f1": 0.9090909090909091, "test_f1": 0.9844054580896686}, "bh_hi": {"train_f1": 0.9690189328743546, "test_f1": 0.9299363057324841}, "cv_tt": {"train_f1": 0.8800738007380073, "test_f1": 0.8861386138613861}}