{"mg_id": {"train_f1": 0.9780821917808219, "test_f1": 0.9729166666666667}, "fo_is": {"train_f1": 0.9018181818181819, "test_f1": 0.8630952380952381}, "co_it": {"train_f1": 0.8387096774193549, "test_f1": 0.8796296296296297}, "hsb_pl": {"train_f1": 0.9292929292929293, "test_f1": 0.9688109161793372}, "bh_hi": {"train_f1": 0.9586919104991394, "test_f1": 0.9532908704883227}, "cv_tt": {"train_f1": 0.8874538745387454, "test_f1": 0.8712871287128713}}