{"mg_id": {"train_f1": 0.9780821917808219, "test_f1": 0.9791666666666666}, "fo_is": {"train_f1": 0.92, "test_f1": 0.875}, "co_it": {"train_f1": 0.9124423963133641, "test_f1": 0.8981481481481481}, "hsb_pl": {"train_f1": 0.9116161616161617, "test_f1": 0.9200779727095516}, "bh_hi": {"train_f1": 0.963855421686747, "test_f1": 0.9235668789808917}, "cv_tt": {"train_f1": 0.8616236162361623, "test_f1": 0.9108910891089109}}