{"mg_id": {"train_f1": 0.9780821917808219, "test_f1": 0.9791666666666666}, "fo_is": {"train_f1": 0.9145454545454546, "test_f1": 0.8908730158730159}, "co_it": {"train_f1": 0.8755760368663594, "test_f1": 0.8919753086419753}, "hsb_pl": {"train_f1": 0.8964646464646465, "test_f1": 0.9629629629629629}, "bh_hi": {"train_f1": 0.9793459552495697, "test_f1": 0.9320594479830149}, "cv_tt": {"train_f1": 0.8302583025830258, "test_f1": 0.8935643564356436}}