{"mg_id": {"train_f1": 0.9780821917808219, "test_f1": 0.9958333333333333}, "fo_is": {"train_f1": 0.8909090909090909, "test_f1": 0.9047619047619048}, "co_it": {"train_f1": 0.9078341013824884, "test_f1": 0.8487654320987654}, "hsb_pl": {"train_f1": 0.9065656565656566, "test_f1": 0.9454191033138402}, "bh_hi": {"train_f1": 0.9707401032702238, "test_f1": 0.9384288747346072}, "cv_tt": {"train_f1": 0.8597785977859779, "test_f1": 0.8985148514851485}}