{"mg_id": {"train_f1": 0.9835616438356164, "test_f1": 0.98125}, "fo_is": {"train_f1": 0.9090909090909091, "test_f1": 0.8571428571428571}, "co_it": {"train_f1": 0.9078341013824884, "test_f1": 0.8765432098765432}, "hsb_pl": {"train_f1": 0.8863636363636364, "test_f1": 0.9337231968810916}, "bh_hi": {"train_f1": 0.9711864406779661, "test_f1": 0.9032258064516129}, "cv_tt": {"train_f1": 0.8874538745387454, "test_f1": 0.9306930693069307}}