{"mg_id": {"train_f1": 0.9835616438356164, "test_f1": 0.9604166666666667}, "fo_is": {"train_f1": 0.9018181818181819, "test_f1": 0.873015873015873}, "co_it": {"train_f1": 0.880184331797235, "test_f1": 0.8858024691358025}, "hsb_pl": {"train_f1": 0.9015151515151515, "test_f1": 0.9161793372319688}, "bh_hi": {"train_f1": 0.9627118644067797, "test_f1": 0.8804554079696395}, "cv_tt": {"train_f1": 0.8597785977859779, "test_f1": 0.8564356435643564}}