{"mg_id": {"train_f1": 0.9835616438356164, "test_f1": 0.9770833333333333}, "fo_is": {"train_f1": 0.8909090909090909, "test_f1": 0.8353174603174603}, "co_it": {"train_f1": 0.9124423963133641, "test_f1": 0.8919753086419753}, "hsb_pl": {"train_f1": 0.8863636363636364, "test_f1": 0.9395711500974658}, "bh_hi": {"train_f1": 0.9864406779661017, "test_f1": 0.9108159392789373}, "cv_tt": {"train_f1": 0.8745387453874539, "test_f1": 0.9183168316831684}}