{"mg_id": {"train_f1": 0.9808219178082191, "test_f1": 0.9729166666666667}, "fo_is": {"train_f1": 0.9127272727272727, "test_f1": 0.8670634920634921}, "co_it": {"train_f1": 0.880184331797235, "test_f1": 0.8765432098765432}, "hsb_pl": {"train_f1": 0.8888888888888888, "test_f1": 0.9181286549707602}, "bh_hi": {"train_f1": 0.9728813559322034, "test_f1": 0.9108159392789373}, "cv_tt": {"train_f1": 0.8874538745387454, "test_f1": 0.9108910891089109}}