{"mg_id": {"train_f1": 0.9835616438356164, "test_f1": 0.9791666666666666}, "fo_is": {"train_f1": 0.8690909090909091, "test_f1": 0.8571428571428571}, "co_it": {"train_f1": 0.8617511520737328, "test_f1": 0.8796296296296297}, "hsb_pl": {"train_f1": 0.8888888888888888, "test_f1": 0.9395711500974658}, "bh_hi": {"train_f1": 0.9542372881355933, "test_f1": 0.8861480075901328}, "cv_tt": {"train_f1": 0.8745387453874539, "test_f1": 0.8836633663366337}}