{"mg_id": {"train_f1": 0.9808219178082191, "test_f1": 0.9854166666666667}, "fo_is": {"train_f1": 0.9090909090909091, "test_f1": 0.875}, "co_it": {"train_f1": 0.8709677419354839, "test_f1": 0.8858024691358025}, "hsb_pl": {"train_f1": 0.898989898989899, "test_f1": 0.9181286549707602}, "bh_hi": {"train_f1": 0.9711864406779661, "test_f1": 0.9070208728652751}, "cv_tt": {"train_f1": 0.8671586715867159, "test_f1": 0.8762376237623762}}