{"mg_id": {"train_f1": 0.9808219178082191, "test_f1": 0.9916666666666667}, "fo_is": {"train_f1": 0.9127272727272727, "test_f1": 0.8888888888888888}, "co_it": {"train_f1": 0.9124423963133641, "test_f1": 0.8611111111111112}, "hsb_pl": {"train_f1": 0.898989898989899, "test_f1": 0.9434697855750487}, "bh_hi": {"train_f1": 0.9813559322033898, "test_f1": 0.9089184060721063}, "cv_tt": {"train_f1": 0.8819188191881919, "test_f1": 0.8910891089108911}}