{"mg_id": {"train_f1": 0.9753424657534246, "test_f1": 0.975}, "fo_is": {"train_f1": 0.8527272727272728, "test_f1": 0.8630952380952381}, "co_it": {"train_f1": 0.8525345622119815, "test_f1": 0.8641975308641975}, "hsb_pl": {"train_f1": 0.8914141414141414, "test_f1": 0.9298245614035088}, "bh_hi": {"train_f1": 0.9627118644067797, "test_f1": 0.857685009487666}, "cv_tt": {"train_f1": 0.8394833948339483, "test_f1": 0.8762376237623762}}