{"mg_id": {"train_f1": 0.9808219178082191, "test_f1": 0.9833333333333333}, "fo_is": {"train_f1": 0.9036363636363637, "test_f1": 0.8630952380952381}, "co_it": {"train_f1": 0.8847926267281107, "test_f1": 0.8919753086419753}, "hsb_pl": {"train_f1": 0.8838383838383839, "test_f1": 0.949317738791423}, "bh_hi": {"train_f1": 0.9796610169491525, "test_f1": 0.9411764705882353}, "cv_tt": {"train_f1": 0.8726937269372693, "test_f1": 0.9108910891089109}}