{"mg_id": {"train_f1": 0.9835616438356164, "test_f1": 0.9791666666666666}, "fo_is": {"train_f1": 0.9090909090909091, "test_f1": 0.8392857142857143}, "co_it": {"train_f1": 0.880184331797235, "test_f1": 0.8672839506172839}, "hsb_pl": {"train_f1": 0.8964646464646465, "test_f1": 0.9142300194931774}, "bh_hi": {"train_f1": 0.9796610169491525, "test_f1": 0.9013282732447818}, "cv_tt": {"train_f1": 0.8690036900369004, "test_f1": 0.8762376237623762}}