{"mg_id": {"train_f1": 0.9835616438356164, "test_f1": 0.9854166666666667}, "fo_is": {"train_f1": 0.9072727272727272, "test_f1": 0.876984126984127}, "co_it": {"train_f1": 0.8755760368663594, "test_f1": 0.9012345679012346}, "hsb_pl": {"train_f1": 0.8813131313131313, "test_f1": 0.9337231968810916}, "bh_hi": {"train_f1": 0.988135593220339, "test_f1": 0.937381404174573}, "cv_tt": {"train_f1": 0.8708487084870848, "test_f1": 0.8861386138613861}}