{"mg_id": {"train_f1": 0.9835616438356164, "test_f1": 0.9625}, "fo_is": {"train_f1": 0.9090909090909091, "test_f1": 0.8869047619047619}, "co_it": {"train_f1": 0.9032258064516129, "test_f1": 0.8487654320987654}, "hsb_pl": {"train_f1": 0.8863636363636364, "test_f1": 0.9142300194931774}, "bh_hi": {"train_f1": 0.964406779661017, "test_f1": 0.905123339658444}, "cv_tt": {"train_f1": 0.8579335793357934, "test_f1": 0.8539603960396039}}