{"mg": {"train_f1": 0.9540816326530612, "test_f1": 0.9647577092511013}, "fo": {"train_f1": 0.908273381294964, "test_f1": 0.9010989010989011}, "co": {"train_f1": 0.8553846153846154, "test_f1": 0.7937743190661478}, "hsb": {"train_f1": 0.9556451612903226, "test_f1": 0.8312387791741472}, "bh": {"train_f1": 0.874326750448833, "test_f1": 0.848381601362862}, "cv": {"train_f1": 0.9077181208053692, "test_f1": 0.8362235067437379}}