{"fo_is": {"train_f1": 0.9820328853176676, "val_f1": 0.9309483789574425}, "co_it": {"train_f1": 0.9725580654633559, "val_f1": 0.8989576297073982}, "hsb_pl": {"train_f1": 0.9756819796953593, "val_f1": 0.9366774361724441}, "bh_hi": {"train_f1": 0.95098782586142, "val_f1": 0.9023887705517305}, "cv_tt": {"train_f1": 0.983340020175004, "val_f1": 0.9234052877204875}, "mg_id": {"train_f1": 0.9835107341883367, "val_f1": 0.9831347049769704}}