{"mg_id": {"train_f1": 0.9726027397260274, "test_f1": 0.9729166666666667}, "fo_is": {"train_f1": 0.8963636363636364, "test_f1": 0.8611111111111112}, "co_it": {"train_f1": 0.8986175115207373, "test_f1": 0.8888888888888888}, "hsb_pl": {"train_f1": 0.8914141414141414, "test_f1": 0.9142300194931774}, "bh_hi": {"train_f1": 0.9593220338983051, "test_f1": 0.9089184060721063}, "cv_tt": {"train_f1": 0.8837638376383764, "test_f1": 0.9207920792079208}}