{"fo_is": {"train_f1": 0.9750727297437697, "val_f1": 0.9074680309128279}, "co_it": {"train_f1": 0.9640361787305359, "val_f1": 0.8784439240319186}, "hsb_pl": {"train_f1": 0.9751486822568622, "val_f1": 0.9317913500805999}, "bh_hi": {"train_f1": 0.9644791131027468, "val_f1": 0.8995648893580824}, "cv_tt": {"train_f1": 0.9876487703827399, "val_f1": 0.9082774594155879}, "mg_id": {"train_f1": 0.9775062586569329, "val_f1": 0.9782539122375858}}