{"mg_id": {"train_f1": 0.9808219178082191, "test_f1": 0.9916666666666667}, "fo_is": {"train_f1": 0.8927272727272727, "test_f1": 0.8452380952380952}, "co_it": {"train_f1": 0.8294930875576036, "test_f1": 0.845679012345679}, "hsb_pl": {"train_f1": 0.8712121212121212, "test_f1": 0.935672514619883}, "bh_hi": {"train_f1": 0.9474576271186441, "test_f1": 0.8918406072106262}, "cv_tt": {"train_f1": 0.8856088560885609, "test_f1": 0.8762376237623762}}