{"mg_id": {"train_f1": 0.9808219178082191, "test_f1": 0.9916666666666667}, "fo_is": {"train_f1": 0.92, "test_f1": 0.8551587301587301}, "co_it": {"train_f1": 0.8940092165898618, "test_f1": 0.8919753086419753}, "hsb_pl": {"train_f1": 0.8914141414141414, "test_f1": 0.9200779727095516}, "bh_hi": {"train_f1": 0.9593220338983051, "test_f1": 0.9468690702087287}, "cv_tt": {"train_f1": 0.8597785977859779, "test_f1": 0.8811881188118812}}