{"mg_id": {"train_f1": 0.9808219178082191, "test_f1": 0.975}, "fo_is": {"train_f1": 0.9, "test_f1": 0.8630952380952381}, "co_it": {"train_f1": 0.8894009216589862, "test_f1": 0.8919753086419753}, "hsb_pl": {"train_f1": 0.8838383838383839, "test_f1": 0.9434697855750487}, "bh_hi": {"train_f1": 0.9542372881355933, "test_f1": 0.8785578747628083}, "cv_tt": {"train_f1": 0.8782287822878229, "test_f1": 0.9232673267326733}}