{"mg_id": {"train_f1": 0.9780821917808219, "test_f1": 0.9604166666666667}, "fo_is": {"train_f1": 0.8745454545454545, "test_f1": 0.8611111111111112}, "co_it": {"train_f1": 0.8294930875576036, "test_f1": 0.8487654320987654}, "hsb_pl": {"train_f1": 0.8838383838383839, "test_f1": 0.9044834307992202}, "bh_hi": {"train_f1": 0.9627118644067797, "test_f1": 0.888045540796964}, "cv_tt": {"train_f1": 0.8450184501845018, "test_f1": 0.8861386138613861}}