{"mg_id": {"train_f1": 0.9780821917808219, "test_f1": 0.96875}, "fo_is": {"train_f1": 0.8963636363636364, "test_f1": 0.8670634920634921}, "co_it": {"train_f1": 0.9308755760368663, "test_f1": 0.8919753086419753}, "hsb_pl": {"train_f1": 0.8686868686868687, "test_f1": 0.935672514619883}, "bh_hi": {"train_f1": 0.9694915254237289, "test_f1": 0.9013282732447818}, "cv_tt": {"train_f1": 0.8837638376383764, "test_f1": 0.8861386138613861}}