{"fo_is": {"train_f1": 0.9783727993392333, "val_f1": 0.9175305144904087}, "co_it": {"train_f1": 0.9780819884974192, "val_f1": 0.8877998373755789}, "hsb_pl": {"train_f1": 0.9876094187058323, "val_f1": 0.9358051311872926}, "bh_hi": {"train_f1": 0.924763531818947, "val_f1": 0.9007241891982238}, "cv_tt": {"train_f1": 0.979873236583656, "val_f1": 0.91991023868699}, "mg_id": {"train_f1": 0.9758609449277109, "val_f1": 0.9799958372562042}}