{"mg_id": {"train_f1": 0.9780821917808219, "test_f1": 0.975}, "fo_is": {"train_f1": 0.9127272727272727, "test_f1": 0.876984126984127}, "co_it": {"train_f1": 0.9032258064516129, "test_f1": 0.8950617283950617}, "hsb_pl": {"train_f1": 0.8358585858585859, "test_f1": 0.9161793372319688}, "bh_hi": {"train_f1": 0.9694915254237289, "test_f1": 0.8918406072106262}, "cv_tt": {"train_f1": 0.8985239852398524, "test_f1": 0.9133663366336634}}