{"mg_id": {"train_f1": 0.9753424657534246, "test_f1": 0.9625}, "fo_is": {"train_f1": 0.8781818181818182, "test_f1": 0.8333333333333334}, "co_it": {"train_f1": 0.8663594470046083, "test_f1": 0.8950617283950617}, "hsb_pl": {"train_f1": 0.8762626262626263, "test_f1": 0.9083820662768031}, "bh_hi": {"train_f1": 0.9440677966101695, "test_f1": 0.857685009487666}, "cv_tt": {"train_f1": 0.8763837638376384, "test_f1": 0.8539603960396039}}