{"mg_id": {"train_f1": 0.9835616438356164, "test_f1": 0.975}, "fo_is": {"train_f1": 0.9018181818181819, "test_f1": 0.8531746031746031}, "co_it": {"train_f1": 0.9262672811059908, "test_f1": 0.8796296296296297}, "hsb_pl": {"train_f1": 0.8686868686868687, "test_f1": 0.9200779727095516}, "bh_hi": {"train_f1": 0.9593220338983051, "test_f1": 0.8918406072106262}, "cv_tt": {"train_f1": 0.8523985239852399, "test_f1": 0.8787128712871287}}