{"mg_id": {"train_f1": 0.9780821917808219, "test_f1": 0.9875}, "fo_is": {"train_f1": 0.8945454545454545, "test_f1": 0.8551587301587301}, "co_it": {"train_f1": 0.8525345622119815, "test_f1": 0.8703703703703703}, "hsb_pl": {"train_f1": 0.8712121212121212, "test_f1": 0.9083820662768031}, "bh_hi": {"train_f1": 0.9355932203389831, "test_f1": 0.888045540796964}, "cv_tt": {"train_f1": 0.8708487084870848, "test_f1": 0.8811881188118812}}