{"BERT": {"fo": {"train_f1": 0.9174812312356968, "val_f1": 0.865850752295206}, "co": {"train_f1": 0.8973792888268186, "val_f1": 0.8305379061412411}, "hsb": {"train_f1": 0.9485643352106988, "val_f1": 0.8999888795290076}, "bh": {"train_f1": 0.9193300778995417, "val_f1": 0.8833190810358504}, "cv": {"train_f1": 0.9507015080992472, "val_f1": 0.8819118119816505}, "mg": {"train_f1": 0.977887070712532, "val_f1": 0.9624074108661107}}, "BERT-CRF": {"fo": {"train_f1": 0.9630809622040472, "val_f1": 0.881416945235516}, "co": {"train_f1": 0.9598991329416305, "val_f1": 0.8503437564961065}, "hsb": {"train_f1": 0.974252266084798, "val_f1": 0.9142884521554763}, "bh": {"train_f1": 0.9645711009440499, "val_f1": 0.8825710550544065}, "cv": {"train_f1": 0.9787517341645028, "val_f1": 0.8955645623075551}, "mg": {"train_f1": 0.9871333519576859, "val_f1": 0.9758820477031925}}, "BERT-Bilstm": {"fo": {"train_f1": 0.7031108431372465, "val_f1": 0.7283677165813}, "co": {"train_f1": 0.6695882209520597, "val_f1": 0.6749403841219197}, "hsb": {"train_f1": 0.8604163217332237, "val_f1": 0.8444827582587496}, "bh": {"train_f1": 0.7652355651431866, "val_f1": 0.7678757633156943}, "cv": {"train_f1": 0.875753359143217, "val_f1": 0.8328539164095046}, "mg": {"train_f1": 0.9501365747827796, "val_f1": 0.9388036639052023}}, "BERT-Bilstm-CRF": {"fo": {"train_f1": 0.8600713040732387, "val_f1": 0.8319512036350514}, "co": {"train_f1": 0.9161086723529241, "val_f1": 0.829164827354918}, "hsb": {"train_f1": 0.9493173785852548, "val_f1": 0.8999292136012869}, "bh": {"train_f1": 0.907549958431831, "val_f1": 0.86480434704016}, "cv": {"train_f1": 0.9645539763538056, "val_f1": 0.8883715748872278}, "mg": {"train_f1": 0.9875015696911559, "val_f1": 0.9687690026914723}}}