{"BERT": {"fo": {"train_f1": 0.8776978417266187, "test_f1": 0.8571428571428571}, "co": {"train_f1": 0.8, "test_f1": 0.7782101167315175}, "hsb": {"train_f1": 0.8850806451612904, "test_f1": 0.8312387791741472}, "bh": {"train_f1": 0.8473967684021544, "test_f1": 0.8257328990228013}, "cv": {"train_f1": 0.8942953020134228, "test_f1": 0.7803468208092486}, "mg": {"train_f1": 0.9217687074829932, "test_f1": 0.9317180616740088}}, "BERT-CRF": {"fo": {"train_f1": 0.89568345323741, "test_f1": 0.8901098901098901}, "co": {"train_f1": 0.84, "test_f1": 0.8015564202334631}, "hsb": {"train_f1": 0.8971774193548387, "test_f1": 0.8025134649910234}, "bh": {"train_f1": 0.8761220825852782, "test_f1": 0.8599348534201955}, "cv": {"train_f1": 0.8976510067114094, "test_f1": 0.8689788053949904}, "mg": {"train_f1": 0.9421768707482994, "test_f1": 0.9647577092511013}}, "BERT-Bilstm": {"fo": {"train_f1": 0.8579136690647482, "test_f1": 0.8367346938775511}, "co": {"train_f1": 0.84, "test_f1": 0.7821011673151751}, "hsb": {"train_f1": 0.875, "test_f1": 0.8168761220825853}, "bh": {"train_f1": 0.8366247755834829, "test_f1": 0.8436482084690554}, "cv": {"train_f1": 0.8842281879194631, "test_f1": 0.7784200385356455}, "mg": {"train_f1": 0.9115646258503401, "test_f1": 0.9251101321585903}}, "BERT-Bilstm-CRF": {"fo": {"train_f1": 0.8902877697841727, "test_f1": 0.8869701726844584}, "co": {"train_f1": 0.84, "test_f1": 0.8365758754863813}, "hsb": {"train_f1": 0.9375, "test_f1": 0.8330341113105925}, "bh": {"train_f1": 0.8761220825852782, "test_f1": 0.8697068403908795}, "cv": {"train_f1": 0.9093959731543624, "test_f1": 0.838150289017341}, "mg": {"train_f1": 0.9489795918367347, "test_f1": 0.9559471365638766}}}