{"BERT": {"mg": {"train_f1": 0.9251700680272109, "test_f1": 0.9647577092511013}, "fo": {"train_f1": 0.9172661870503597, "test_f1": 0.8712715855572999}, "co": {"train_f1": 0.8923076923076924, "test_f1": 0.8482490272373541}, "hsb": {"train_f1": 0.9435483870967742, "test_f1": 0.8402154398563735}, "bh": {"train_f1": 0.8761220825852782, "test_f1": 0.8361774744027304}, "cv": {"train_f1": 0.9194630872483222, "test_f1": 0.8420038535645472}}, "BERT-CRF": {"mg": {"train_f1": 0.95578231292517, "test_f1": 0.9647577092511013}, "fo": {"train_f1": 0.9118705035971223, "test_f1": 0.8932496075353218}, "co": {"train_f1": 0.88, "test_f1": 0.8521400778210116}, "hsb": {"train_f1": 0.9435483870967742, "test_f1": 0.8420107719928187}, "bh": {"train_f1": 0.8779174147217235, "test_f1": 0.8378839590443686}, "cv": {"train_f1": 0.9026845637583892, "test_f1": 0.8458574181117534}}, "BERT-Bilstm": {"mg": {"train_f1": 0.9149659863945578, "test_f1": 0.9096916299559471}, "fo": {"train_f1": 0.8866906474820144, "test_f1": 0.8571428571428571}, "co": {"train_f1": 0.7815384615384615, "test_f1": 0.7315175097276264}, "hsb": {"train_f1": 0.9213709677419355, "test_f1": 0.822262118491921}, "bh": {"train_f1": 0.8581687612208259, "test_f1": 0.8174061433447098}, "cv": {"train_f1": 0.8741610738255033, "test_f1": 0.7976878612716763}}, "BERT-Bilstm-CRF": {"mg": {"train_f1": 0.9523809523809523, "test_f1": 0.960352422907489}, "fo": {"train_f1": 0.8938848920863309, "test_f1": 0.8885400313971743}, "co": {"train_f1": 0.8246153846153846, "test_f1": 0.8560311284046692}, "hsb": {"train_f1": 0.9314516129032258, "test_f1": 0.8402154398563735}, "bh": {"train_f1": 0.8922800718132855, "test_f1": 0.8293515358361775}, "cv": {"train_f1": 0.9043624161073825, "test_f1": 0.8766859344894027}}}