language,train_f1,val_f1,test_f1,improvement
mg,0.9995429616087752,0.9438775510204082,0.960352422907489,0.0
fo,0.992798990424358,0.908273381294964,0.9120879120879121,1.2195121951219345
co,0.9706988026899159,0.8553846153846154,0.8599221789883269,5.74162679425838
hsb,0.982758358744321,0.9435483870967742,0.8312387791741472,-2.731092436974792
bh,0.9907086146837165,0.8904847396768402,0.8286219081272085,3.303964757709247
cv,0.9975798276966793,0.9261744966442953,0.8342967244701349,0.46403712296984184
