language,train_f1,val_f1,test_f1,improvement
mg,0.9995429616087752,0.9438775510204082,0.960352422907489,0.0
fo,0.992798990424358,0.908273381294964,0.9120879120879121,1.2195121951219345
co,0.9960257566688673,0.8369230769230769,0.867704280155642,6.698564593301438
hsb,0.9817195482665315,0.9415322580645161,0.8527827648114902,-0.21008403361344355
bh,0.9949046244416937,0.9102333931777379,0.872791519434629,8.810572687224663
cv,0.9840390302463589,0.924496644295302,0.8362235067437379,0.6960556844547493
