language,train_f1,val_f1,test_f1
mg,0.9937283039058492,0.9336734693877551,0.960352422907489
fo,0.9742237633085888,0.8974820143884892,0.9010989010989011
co,0.9562037907892946,0.8523076923076923,0.8132295719844358
hsb,0.9514430689700224,0.9233870967741935,0.8545780969479354
bh,0.9815493202929496,0.8886894075403949,0.8021201413427562
cv,0.9777412680440435,0.8926174496644296,0.8304431599229287
