language,train_f1,val_f1,test_f1,improvement
mg,0.9351942579184751,0.9421768707482994,0.9493392070484582,-1.1467889908256854
fo,0.9876514539798907,0.9100719424460432,0.9167974882260597,1.742160278745631
co,0.990479391537613,0.8584615384615385,0.8871595330739299,9.090909090909086
hsb,0.9813452771854118,0.9495967741935484,0.8527827648114902,-0.21008403361344355
bh,0.9882045280641198,0.9012567324955116,0.8533568904593639,6.387665198237875
cv,0.9152432146615764,0.9295302013422819,0.8574181117533719,3.248259860788866
