language,threshold,train_f1,val_f1,test_f1
mg,0.95,0.9472364097468555,0.9370748299319728,0.9383259911894273
fo,0.95,0.862208394857964,0.8525179856115108,0.8414442700156985
co,0.95,0.9695198217711389,0.8676923076923077,0.8871595330739299
hsb,0.95,0.9104608360187849,0.8991935483870968,0.7989228007181328
bh,0.95,0.9407268079769909,0.8707360861759426,0.8657243816254417
cv,0.95,0.8998468949527674,0.8875838926174496,0.8092485549132948
