{"BERT": {"germanic": {"train_f1": 0.8391047555302816, "eval_f1": 0.8313760227627225}, "romance": {"train_f1": 0.8410940321664961, "eval_f1": 0.8450474341710409}, "slavic": {"train_f1": 0.9388542629423595, "eval_f1": 0.9269551899698045}, "south-asian-indic": {"train_f1": 0.9074316081546602, "eval_f1": 0.8959125110081264}, "turkic": {"train_f1": 0.9338377401942298, "eval_f1": 0.925681091490246}, "austronesian": {"train_f1": 0.9571026298734877, "eval_f1": 0.9484933633652944}}, "BERTBiLSTM": {"germanic": {"train_f1": 0.8496275638777112, "eval_f1": 0.8406787893128773}, "romance": {"train_f1": 0.8502184408051627, "eval_f1": 0.8563295971779596}, "slavic": {"train_f1": 0.9446535838974847, "eval_f1": 0.9435885936494858}, "south-asian-indic": {"train_f1": 0.9081496047595191, "eval_f1": 0.8916222623416356}, "turkic": {"train_f1": 0.9380814660163153, "eval_f1": 0.9368982456979298}, "austronesian": {"train_f1": 0.954108663021572, "eval_f1": 0.941921557698931}}, "BERTBiLSTMCRF": {"germanic": {"train_f1": 0.8408934095549205, "eval_f1": 0.8350310524304708}, "romance": {"train_f1": 0.8533778493366544, "eval_f1": 0.8545025237022884}, "slavic": {"train_f1": 0.9444574429875329, "eval_f1": 0.9387250372341701}, "south-asian-indic": {"train_f1": 0.9046299173718407, "eval_f1": 0.890635213208577}, "turkic": {"train_f1": 0.9383367962307401, "eval_f1": 0.9363217628191388}, "austronesian": {"train_f1": 0.9505234455305432, "eval_f1": 0.9391554508890424}}, "XLMRoBERTa": {"germanic": {"train_f1": 0.7870169017050002, "eval_f1": 0.7790553683326358}, "romance": {"train_f1": 0.7829355427197048, "eval_f1": 0.793231693525163}, "slavic": {"train_f1": 0.8792791943701487, "eval_f1": 0.8670519845826286}, "south-asian-indic": {"train_f1": 0.8603783666141449, "eval_f1": 0.8505350512171549}, "turkic": {"train_f1": 0.9029219216770596, "eval_f1": 0.9039527622480241}, "austronesian": {"train_f1": 0.9401265685520475, "eval_f1": 0.9189170504373217}}, "XLMRoBERTaBiLSTM": {"germanic": {"train_f1": 0.7761464715003967, "eval_f1": 0.7589853481640891}, "romance": {"train_f1": 0.785536235287076, "eval_f1": 0.7913579212294685}, "slavic": {"train_f1": 0.9036558629974486, "eval_f1": 0.890095865915692}, "south-asian-indic": {"train_f1": 0.8587282933886089, "eval_f1": 0.8449845701929123}, "turkic": {"train_f1": 0.906776559731317, "eval_f1": 0.9042512291953677}, "austronesian": {"train_f1": 0.9402583998347086, "eval_f1": 0.9140406969993834}}, "XLMRoBERTaBiLSTMCRF": {"germanic": {"train_f1": 0.7895936190135895, "eval_f1": 0.7766961086364019}, "romance": {"train_f1": 0.7777455799163334, "eval_f1": 0.7799594591534327}, "slavic": {"train_f1": 0.9010361357340737, "eval_f1": 0.8925690821238926}, "south-asian-indic": {"train_f1": 0.8569964529976012, "eval_f1": 0.8608872332270183}, "turkic": {"train_f1": 0.9094347594276307, "eval_f1": 0.9072483106264992}, "austronesian": {"train_f1": 0.9382193050687275, "eval_f1": 0.9183791885300289}}}