{"BERT": {"germanic": {"train_f1": 0.8370257899874732, "eval_f1": 0.8255027466350131}, "romance": {"train_f1": 0.8441251667719039, "eval_f1": 0.8491210275226169}, "slavic": {"train_f1": 0.9403916493294731, "eval_f1": 0.9364705151981778}, "south-asian-indic": {"train_f1": 0.9081656450317019, "eval_f1": 0.9011925950882926}, "turkic": {"train_f1": 0.9326613280508254, "eval_f1": 0.9262154111786495}, "austronesian": {"train_f1": 0.9543504222990975, "eval_f1": 0.9469172330129714}}, "BERTBiLSTM": {"germanic": {"train_f1": 0.83631513137666, "eval_f1": 0.8338337956912933}, "romance": {"train_f1": 0.8525615116906544, "eval_f1": 0.8584501412179735}, "slavic": {"train_f1": 0.9394359872454688, "eval_f1": 0.9316000295063805}, "south-asian-indic": {"train_f1": 0.904273289536673, "eval_f1": 0.8830229327792213}, "turkic": {"train_f1": 0.9314372350299169, "eval_f1": 0.9316292206446329}, "austronesian": {"train_f1": 0.9573384958600241, "eval_f1": 0.9506323413243369}}, "BERTBiLSTMCRF": {"germanic": {"train_f1": 0.8419314253897894, "eval_f1": 0.8366400041277446}, "romance": {"train_f1": 0.8480938067511906, "eval_f1": 0.862236772264753}, "slavic": {"train_f1": 0.9416899075583806, "eval_f1": 0.9351689673605419}, "south-asian-indic": {"train_f1": 0.9026341078773378, "eval_f1": 0.8913047446144952}, "turkic": {"train_f1": 0.9343768604218013, "eval_f1": 0.9344259424815102}, "austronesian": {"train_f1": 0.9526714408208453, "eval_f1": 0.943269411722819}}, "XLMRoBERTa": {"germanic": {"train_f1": 0.7829294488543556, "eval_f1": 0.7753135684936766}, "romance": {"train_f1": 0.7832480564950004, "eval_f1": 0.784401117809235}, "slavic": {"train_f1": 0.8938792215453254, "eval_f1": 0.88718328967927}, "south-asian-indic": {"train_f1": 0.8568736541838873, "eval_f1": 0.8400807371215214}, "turkic": {"train_f1": 0.9064566038903736, "eval_f1": 0.9005760815408494}, "austronesian": {"train_f1": 0.9360270888086349, "eval_f1": 0.91361213298071}}, "XLMRoBERTaBiLSTM": {"germanic": {"train_f1": 0.7964691784646776, "eval_f1": 0.7759368466952491}, "romance": {"train_f1": 0.7825011516374255, "eval_f1": 0.7952840053845965}, "slavic": {"train_f1": 0.9010339379310608, "eval_f1": 0.8866628578730992}, "south-asian-indic": {"train_f1": 0.856907636400253, "eval_f1": 0.847329024284605}, "turkic": {"train_f1": 0.91260112940319, "eval_f1": 0.9103778789913843}, "austronesian": {"train_f1": 0.9373184584435963, "eval_f1": 0.910528698610881}}, "XLMRoBERTaBiLSTMCRF": {"germanic": {"train_f1": 0.7835896100316729, "eval_f1": 0.7718207192799401}, "romance": {"train_f1": 0.7924317641863747, "eval_f1": 0.797775717954787}, "slavic": {"train_f1": 0.8922072261098831, "eval_f1": 0.8800573623369611}, "south-asian-indic": {"train_f1": 0.8591663241386414, "eval_f1": 0.8421315380505153}, "turkic": {"train_f1": 0.903125680628277, "eval_f1": 0.9019711206829737}, "austronesian": {"train_f1": 0.9359959013878353, "eval_f1": 0.9087946840694973}}}