{"BERT": {"english": {"train_f1": 0.7969889502525329, "eval_f1": 0.7937944765090943}, "arabic": {"train_f1": 0.8429321279525757, "eval_f1": 0.8443904447555542}, "spanish": {"train_f1": 0.834785283088684, "eval_f1": 0.8405222716331482}, "russian": {"train_f1": 0.8273445482254028, "eval_f1": 0.8250708379745484}, "turkish": {"train_f1": 0.8427564001083374, "eval_f1": 0.8371044645309448}}, "BERTBiLSTM": {"english": {"train_f1": 0.7408911890983582, "eval_f1": 0.7455296568870544}, "arabic": {"train_f1": 0.9103935437202454, "eval_f1": 0.9116474766731262}, "spanish": {"train_f1": 0.909420446395874, "eval_f1": 0.9081661581993103}, "russian": {"train_f1": 0.7654861507415771, "eval_f1": 0.7579216451644898}, "turkish": {"train_f1": 0.6128530797958374, "eval_f1": 0.6099601514339447}}, "BERTBiLSTMCRF": {"english": {"train_f1": 0.8075457444190979, "eval_f1": 0.8034327754974365}, "arabic": {"train_f1": 0.825841187953949, "eval_f1": 0.8303484320640564}, "spanish": {"train_f1": 0.8899719772338868, "eval_f1": 0.8887303042411804}, "russian": {"train_f1": 0.7946040534973144, "eval_f1": 0.7889708652496338}, "turkish": {"train_f1": 0.9120973029136658, "eval_f1": 0.9157708525657654}}, "XLMRoBERTa": {"english": {"train_f1": 0.740010887145996, "eval_f1": 0.7304895873069763}, "arabic": {"train_f1": 0.8185085110664367, "eval_f1": 0.8268796038627625}, "spanish": {"train_f1": 0.7980394887924195, "eval_f1": 0.8018162608146667}, "russian": {"train_f1": 0.7964072475433349, "eval_f1": 0.791778932094574}, "turkish": {"train_f1": 0.8003318190574646, "eval_f1": 0.801995038986206}}, "XLMRoBERTaBiLSTM": {"english": {"train_f1": 0.8248964538574218, "eval_f1": 0.819673779964447}, "arabic": {"train_f1": 0.8684931325912476, "eval_f1": 0.8784204115867614}, "spanish": {"train_f1": 0.8827349762916565, "eval_f1": 0.8850481476783753}, "russian": {"train_f1": 0.8696536054611206, "eval_f1": 0.8621444015502929}, "turkish": {"train_f1": 0.827720447063446, "eval_f1": 0.8267893829345703}}, "XLMRoBERTaBiLSTMCRF": {"english": {"train_f1": 0.8193673138618469, "eval_f1": 0.8158600678443909}, "arabic": {"train_f1": 0.8758790626525879, "eval_f1": 0.8763327846527099}, "spanish": {"train_f1": 0.878108160495758, "eval_f1": 0.8810773491859436}, "russian": {"train_f1": 0.8344640989303589, "eval_f1": 0.8284535770416259}, "turkish": {"train_f1": 0.6124649639129639, "eval_f1": 0.6097408788204193}}}