{"BERT": {"germanic": {"train_f1": 0.7703765332698822, "eval_f1": 0.7257420420646667}, "romance": {"train_f1": 0.8365940004587173, "eval_f1": 0.6899916231632233}, "slavic": {"train_f1": 0.8365889936685562, "eval_f1": 0.8077753186225891}, "south-asian-indic": {"train_f1": 0.8773620277643204, "eval_f1": 0.887339398264885}, "turkic": {"train_f1": 0.8333756327629089, "eval_f1": 0.7719753086566925}, "austronesian": {"train_f1": 0.95140640437603, "eval_f1": 0.9104299992322922}}, "BERTBiLSTM": {"germanic": {"train_f1": 0.7561269998550415, "eval_f1": 0.7441207766532898}, "romance": {"train_f1": 0.7084712088108063, "eval_f1": 0.7120359912514687}, "slavic": {"train_f1": 0.838274821639061, "eval_f1": 0.8567502200603485}, "south-asian-indic": {"train_f1": 0.8663568198680878, "eval_f1": 0.8375744670629501}, "turkic": {"train_f1": 0.7718237638473511, "eval_f1": 0.6842882633209229}, "austronesian": {"train_f1": 0.9479923844337463, "eval_f1": 0.9171156883239746}}, "BERTBiLSTMCRF": {"germanic": {"train_f1": 0.7438340187072754, "eval_f1": 0.7439034879207611}, "romance": {"train_f1": 0.7553426176309586, "eval_f1": 0.590680044144392}, "slavic": {"train_f1": 0.8647983521223068, "eval_f1": 0.8283630460500717}, "south-asian-indic": {"train_f1": 0.7980345487594604, "eval_f1": 0.8043627291917801}, "turkic": {"train_f1": 0.736719623208046, "eval_f1": 0.6651042550802231}, "austronesian": {"train_f1": 0.9604271352291107, "eval_f1": 0.9367040693759918}}, "XLMRoBERTa": {"germanic": {"train_f1": 0.749577984213829, "eval_f1": 0.7359841465950012}, "romance": {"train_f1": 0.8356594145298004, "eval_f1": 0.793625220656395}, "slavic": {"train_f1": 0.8346297293901443, "eval_f1": 0.7510113567113876}, "south-asian-indic": {"train_f1": 0.8032881617546082, "eval_f1": 0.8232473134994507}, "turkic": {"train_f1": 0.7945426106452942, "eval_f1": 0.7115345746278763}, "austronesian": {"train_f1": 0.9523816257715225, "eval_f1": 0.9315318465232849}}, "XLMRoBERTaBiLSTM": {"germanic": {"train_f1": 0.7532356828451157, "eval_f1": 0.7802719175815582}, "romance": {"train_f1": 0.7780676186084747, "eval_f1": 0.6633596941828728}, "slavic": {"train_f1": 0.6913335770368576, "eval_f1": 0.6726026833057404}, "south-asian-indic": {"train_f1": 0.7851365953683853, "eval_f1": 0.8078415989875793}, "turkic": {"train_f1": 0.818054124712944, "eval_f1": 0.7716051638126373}, "austronesian": {"train_f1": 0.9482757747173309, "eval_f1": 0.9352783858776093}}, "XLMRoBERTaBiLSTMCRF": {"germanic": {"train_f1": 0.7788845598697662, "eval_f1": 0.7598316818475723}, "romance": {"train_f1": 0.7164387851953506, "eval_f1": 0.7489942759275436}, "slavic": {"train_f1": 0.8403098434209824, "eval_f1": 0.8197598159313202}, "south-asian-indic": {"train_f1": 0.7685754895210266, "eval_f1": 0.6689782477915287}, "turkic": {"train_f1": 0.8250218033790588, "eval_f1": 0.7932180315256119}, "austronesian": {"train_f1": 0.9536760002374649, "eval_f1": 0.9198401421308517}}}