{"BERT": {"germanic": {"train_f1": 0.7797021716833115, "eval_f1": 0.7717352509498596}, "romance": {"train_f1": 0.804283007979393, "eval_f1": 0.732033759355545}, "slavic": {"train_f1": 0.8556968569755554, "eval_f1": 0.8055554330348969}, "south-asian-indic": {"train_f1": 0.8586948066949844, "eval_f1": 0.837517112493515}, "turkic": {"train_f1": 0.8365160226821899, "eval_f1": 0.7914866954088211}, "austronesian": {"train_f1": 0.960780069231987, "eval_f1": 0.9307529032230377}}, "BERTBiLSTM": {"germanic": {"train_f1": 0.7907143384218216, "eval_f1": 0.7814692705869675}, "romance": {"train_f1": 0.8281242847442627, "eval_f1": 0.7466711848974228}, "slavic": {"train_f1": 0.8481589406728745, "eval_f1": 0.8329158127307892}, "south-asian-indic": {"train_f1": 0.858082115650177, "eval_f1": 0.8143348544836044}, "turkic": {"train_f1": 0.7980971485376358, "eval_f1": 0.7858085334300995}, "austronesian": {"train_f1": 0.955788180232048, "eval_f1": 0.9381669014692307}}, "BERTBiLSTMCRF": {"germanic": {"train_f1": 0.74598428606987, "eval_f1": 0.7629572749137878}, "romance": {"train_f1": 0.8345732688903809, "eval_f1": 0.8310861587524414}, "slavic": {"train_f1": 0.8588050007820129, "eval_f1": 0.8407978862524033}, "south-asian-indic": {"train_f1": 0.8864434510469437, "eval_f1": 0.8733800798654556}, "turkic": {"train_f1": 0.8135206997394562, "eval_f1": 0.7548579722642899}, "austronesian": {"train_f1": 0.9506915807723999, "eval_f1": 0.9274242222309113}}, "XLMRoBERTa": {"germanic": {"train_f1": 0.8144000768661499, "eval_f1": 0.7962520867586136}, "romance": {"train_f1": 0.8303224742412567, "eval_f1": 0.8111855685710907}, "slavic": {"train_f1": 0.8308059126138687, "eval_f1": 0.8231341391801834}, "south-asian-indic": {"train_f1": 0.8755337744951248, "eval_f1": 0.8154216706752777}, "turkic": {"train_f1": 0.8229296952486038, "eval_f1": 0.7318632006645203}, "austronesian": {"train_f1": 0.9533721059560776, "eval_f1": 0.9367467761039734}}, "XLMRoBERTaBiLSTM": {"germanic": {"train_f1": 0.8198674470186234, "eval_f1": 0.7890522927045822}, "romance": {"train_f1": 0.7058241814374924, "eval_f1": 0.6505286544561386}, "slavic": {"train_f1": 0.8490496575832367, "eval_f1": 0.811163529753685}, "south-asian-indic": {"train_f1": 0.8132158070802689, "eval_f1": 0.809734582901001}, "turkic": {"train_f1": 0.8176529258489609, "eval_f1": 0.7528057247400284}, "austronesian": {"train_f1": 0.945902556180954, "eval_f1": 0.9397280365228653}}, "XLMRoBERTaBiLSTMCRF": {"germanic": {"train_f1": 0.7934159636497498, "eval_f1": 0.79252889752388}, "romance": {"train_f1": 0.8158563524484634, "eval_f1": 0.8035378754138947}, "slavic": {"train_f1": 0.8498750925064087, "eval_f1": 0.8331491053104401}, "south-asian-indic": {"train_f1": 0.8212017863988876, "eval_f1": 0.8322056531906128}, "turkic": {"train_f1": 0.7883246392011642, "eval_f1": 0.7223501652479172}, "austronesian": {"train_f1": 0.9588783085346222, "eval_f1": 0.9019948542118073}}}