{"BERT": {"english": {"train_f1": 0.8081786441802978, "eval_f1": 0.7952543735504151}, "arabic": {"train_f1": 0.8520332655906677, "eval_f1": 0.8491134762763977}, "spanish": {"train_f1": 0.8415015349388123, "eval_f1": 0.8395816416740417}, "russian": {"train_f1": 0.8235306720733643, "eval_f1": 0.8233254866600037}, "turkish": {"train_f1": 0.8436846799850464, "eval_f1": 0.8419319405555725}}, "BERTBiLSTM": {"english": {"train_f1": 0.8690334558486938, "eval_f1": 0.8658177452087402}, "arabic": {"train_f1": 0.9133906798362732, "eval_f1": 0.909431517124176}, "spanish": {"train_f1": 0.9137598147392273, "eval_f1": 0.9020462074279785}, "russian": {"train_f1": 0.8393499999046325, "eval_f1": 0.8452578706741333}, "turkish": {"train_f1": 0.9153286099433899, "eval_f1": 0.9178866920471191}}, "BERTBiLSTMCRF": {"english": {"train_f1": 0.8682125124931336, "eval_f1": 0.8614718990325928}, "arabic": {"train_f1": 0.8725605726242065, "eval_f1": 0.8715978274345398}, "spanish": {"train_f1": 0.8888602361679078, "eval_f1": 0.879954870223999}, "russian": {"train_f1": 0.8366481928825379, "eval_f1": 0.8407064480781555}, "turkish": {"train_f1": 0.831833676815033, "eval_f1": 0.835786102771759}}, "XLMRoBERTa": {"english": {"train_f1": 0.7396668691635132, "eval_f1": 0.7322852311134338}, "arabic": {"train_f1": 0.8332709531784057, "eval_f1": 0.8275356879234314}, "spanish": {"train_f1": 0.8095505409240723, "eval_f1": 0.8012631616592407}, "russian": {"train_f1": 0.7898167333602906, "eval_f1": 0.781675443649292}, "turkish": {"train_f1": 0.8051395945549011, "eval_f1": 0.80441912317276}}, "XLMRoBERTaBiLSTM": {"english": {"train_f1": 0.813482620716095, "eval_f1": 0.8143000240325928}, "arabic": {"train_f1": 0.8836200799942017, "eval_f1": 0.8829439973831177}, "spanish": {"train_f1": 0.5891277575492859, "eval_f1": 0.5842690589427948}, "russian": {"train_f1": 0.8435880460739136, "eval_f1": 0.8419632287025451}, "turkish": {"train_f1": 0.7091367983818054, "eval_f1": 0.709628189086914}}, "XLMRoBERTaBiLSTMCRF": {"english": {"train_f1": 0.5531752684116363, "eval_f1": 0.5366690726280212}, "arabic": {"train_f1": 0.887114525794983, "eval_f1": 0.8822819690704345}, "spanish": {"train_f1": 0.8743913154602051, "eval_f1": 0.8697346420288086}, "russian": {"train_f1": 0.8504196329116821, "eval_f1": 0.8532447080612182}, "turkish": {"train_f1": 0.8627694439888001, "eval_f1": 0.8643536696434021}}}