{"BERT": {"germanic": {"train_f1": 0.822334951476047, "eval_f1": 0.8137760068240919}, "romance": {"train_f1": 0.8593730550063284, "eval_f1": 0.8521980674643266}, "slavic": {"train_f1": 0.8842078590393067, "eval_f1": 0.8936369999249776}, "south-asian-indic": {"train_f1": 0.7648921893401579, "eval_f1": 0.7997904081236232}, "turkic": {"train_f1": 0.9057432287617734, "eval_f1": 0.9028292549283881}, "austronesian": {"train_f1": 0.9066012207667032, "eval_f1": 0.9124659228324891}}, "BERTBiLSTM": {"germanic": {"train_f1": 0.8139504068776181, "eval_f1": 0.8090726890062031}, "romance": {"train_f1": 0.8603423426025792, "eval_f1": 0.8354545047408656}, "slavic": {"train_f1": 0.8966810139020284, "eval_f1": 0.9018863582611084}, "south-asian-indic": {"train_f1": 0.7492858943614092, "eval_f1": 0.776489260521802}, "turkic": {"train_f1": 0.9194129203495226, "eval_f1": 0.930024150170778}, "austronesian": {"train_f1": 0.9161132534344991, "eval_f1": 0.920726764202118}}, "BERTBiLSTMCRF": {"germanic": {"train_f1": 0.8197859964872661, "eval_f1": 0.8159714466647098}, "romance": {"train_f1": 0.8512364751414249, "eval_f1": 0.8410855468950773}, "slavic": {"train_f1": 0.880870099067688, "eval_f1": 0.8866388805707296}, "south-asian-indic": {"train_f1": 0.7700369994748723, "eval_f1": 0.807140133597634}, "turkic": {"train_f1": 0.8945603653004295, "eval_f1": 0.8985123383371454}, "austronesian": {"train_f1": 0.925457956790924, "eval_f1": 0.9268872245152792}}, "XLMRoBERTa": {"germanic": {"train_f1": 0.791438290947362, "eval_f1": 0.7606595127206099}, "romance": {"train_f1": 0.8195118182583859, "eval_f1": 0.8167127182609156}, "slavic": {"train_f1": 0.8564336411158244, "eval_f1": 0.8660606177647908}, "south-asian-indic": {"train_f1": 0.730401339856061, "eval_f1": 0.7615305429155176}, "turkic": {"train_f1": 0.8818720453663876, "eval_f1": 0.8843010318906683}, "austronesian": {"train_f1": 0.8885197353363037, "eval_f1": 0.8747285636266072}}, "XLMRoBERTaBiLSTM": {"germanic": {"train_f1": 0.7730702318643269, "eval_f1": 0.7546496140329462}, "romance": {"train_f1": 0.8249332779332211, "eval_f1": 0.800848408749229}, "slavic": {"train_f1": 0.8806535299619039, "eval_f1": 0.8906782563527426}, "south-asian-indic": {"train_f1": 0.7778477777134288, "eval_f1": 0.802494078874588}, "turkic": {"train_f1": 0.8875549623840734, "eval_f1": 0.8820638437020151}, "austronesian": {"train_f1": 0.9058752568562826, "eval_f1": 0.89795601050059}}, "XLMRoBERTaBiLSTMCRF": {"germanic": {"train_f1": 0.7823496555027208, "eval_f1": 0.7553656414935463}, "romance": {"train_f1": 0.8317849510594418, "eval_f1": 0.807582648176896}, "slavic": {"train_f1": 0.8800154288609823, "eval_f1": 0.8882426794370015}, "south-asian-indic": {"train_f1": 0.7800363424149427, "eval_f1": 0.8160189078612761}, "turkic": {"train_f1": 0.9009785589418913, "eval_f1": 0.896827220916748}, "austronesian": {"train_f1": 0.9086072095235189, "eval_f1": 0.9040360641479492}}}