{"BERT": {"germanic": {"train_f1": 0.8361787255853415, "eval_f1": 0.8308279812335968}, "romance": {"train_f1": 0.8383109346032143, "eval_f1": 0.8499012961983681}, "slavic": {"train_f1": 0.9434881787747145, "eval_f1": 0.9377785921096802}, "south-asian-indic": {"train_f1": 0.9049480892717838, "eval_f1": 0.8903852310031652}, "turkic": {"train_f1": 0.9362210966646671, "eval_f1": 0.9374787472188473}, "austronesian": {"train_f1": 0.9554437436163425, "eval_f1": 0.9411741867661476}}, "BERTBiLSTM": {"germanic": {"train_f1": 0.8420018833130598, "eval_f1": 0.8356180638074875}, "romance": {"train_f1": 0.8520177602767944, "eval_f1": 0.8530869893729687}, "slavic": {"train_f1": 0.9437754340469837, "eval_f1": 0.922483554109931}, "south-asian-indic": {"train_f1": 0.9057132303714752, "eval_f1": 0.8901413306593895}, "turkic": {"train_f1": 0.9290812741965055, "eval_f1": 0.9249062165617943}, "austronesian": {"train_f1": 0.9563286378979683, "eval_f1": 0.947365902364254}}, "BERTBiLSTMCRF": {"germanic": {"train_f1": 0.8438305035233498, "eval_f1": 0.8270448055118322}, "romance": {"train_f1": 0.8553457520902157, "eval_f1": 0.8630809299647808}, "slavic": {"train_f1": 0.9411455765366554, "eval_f1": 0.9283231217414141}, "south-asian-indic": {"train_f1": 0.8994874376803637, "eval_f1": 0.8934012316167355}, "turkic": {"train_f1": 0.9362083747982979, "eval_f1": 0.9322029892355204}, "austronesian": {"train_f1": 0.9529276937246323, "eval_f1": 0.9459263794124126}}, "XLMRoBERTa": {"germanic": {"train_f1": 0.8571076411753893, "eval_f1": 0.8485504295676947}, "romance": {"train_f1": 0.8287934754043818, "eval_f1": 0.8263455741107464}, "slavic": {"train_f1": 0.9632435068488121, "eval_f1": 0.9508258365094662}, "south-asian-indic": {"train_f1": 0.9243037886917591, "eval_f1": 0.9069602359086275}, "turkic": {"train_f1": 0.9468393567949533, "eval_f1": 0.9415830075740814}, "austronesian": {"train_f1": 0.9600355140864849, "eval_f1": 0.9517781771719456}}, "XLMRoBERTaBiLSTM": {"germanic": {"train_f1": 0.8475807048380375, "eval_f1": 0.8445069305598736}, "romance": {"train_f1": 0.8493054620921612, "eval_f1": 0.857831995934248}, "slavic": {"train_f1": 0.9608536772429943, "eval_f1": 0.9538581874221563}, "south-asian-indic": {"train_f1": 0.9283186122775078, "eval_f1": 0.9245567601174116}, "turkic": {"train_f1": 0.9521634075790644, "eval_f1": 0.9453320372849703}, "austronesian": {"train_f1": 0.9710343778133392, "eval_f1": 0.9521166887134314}}, "XLMRoBERTaBiLSTMCRF": {"germanic": {"train_f1": 0.8525702897459269, "eval_f1": 0.8521272130310535}, "romance": {"train_f1": 0.8583200890570879, "eval_f1": 0.864733187481761}, "slavic": {"train_f1": 0.9574293754994869, "eval_f1": 0.9450188130140305}, "south-asian-indic": {"train_f1": 0.9281468763947487, "eval_f1": 0.913849737495184}, "turkic": {"train_f1": 0.9535493720322847, "eval_f1": 0.9377634860575199}, "austronesian": {"train_f1": 0.9652700126171112, "eval_f1": 0.9522107895463705}}}