{"BERT": {"germanic": {"train_f1": 0.8416042309254408, "eval_f1": 0.833195872604847}, "romance": {"train_f1": 0.8453918248414993, "eval_f1": 0.854214983060956}, "slavic": {"train_f1": 0.9434203580021858, "eval_f1": 0.939651008695364}, "south-asian-indic": {"train_f1": 0.9054265171289444, "eval_f1": 0.8987778723239899}, "turkic": {"train_f1": 0.9310861900448799, "eval_f1": 0.934058029204607}, "austronesian": {"train_f1": 0.9531541634351015, "eval_f1": 0.9458478856831789}}, "BERTBiLSTM": {"germanic": {"train_f1": 0.8396905325353146, "eval_f1": 0.8296655584126711}, "romance": {"train_f1": 0.8552098255604506, "eval_f1": 0.867858063429594}, "slavic": {"train_f1": 0.945694038644433, "eval_f1": 0.9369750618934631}, "south-asian-indic": {"train_f1": 0.9073919709771872, "eval_f1": 0.8864464033395052}, "turkic": {"train_f1": 0.9333740286529064, "eval_f1": 0.9352223761379719}, "austronesian": {"train_f1": 0.959520049393177, "eval_f1": 0.9461546670645475}}, "BERTBiLSTMCRF": {"germanic": {"train_f1": 0.8393654860556126, "eval_f1": 0.829654648900032}, "romance": {"train_f1": 0.8514505233615637, "eval_f1": 0.8649710435420275}, "slavic": {"train_f1": 0.9452738929539919, "eval_f1": 0.9388355892151594}, "south-asian-indic": {"train_f1": 0.8968129921704531, "eval_f1": 0.886745024472475}, "turkic": {"train_f1": 0.9351575691252947, "eval_f1": 0.9329104013741016}, "austronesian": {"train_f1": 0.962170822545886, "eval_f1": 0.9486377313733101}}, "XLMRoBERTa": {"germanic": {"train_f1": 0.8491787537932396, "eval_f1": 0.8470839187502861}, "romance": {"train_f1": 0.8458544835448265, "eval_f1": 0.8499049600213766}, "slavic": {"train_f1": 0.960015345364809, "eval_f1": 0.9436555672436953}, "south-asian-indic": {"train_f1": 0.9223494362086058, "eval_f1": 0.909881304949522}, "turkic": {"train_f1": 0.9471061993390322, "eval_f1": 0.9441532734781504}, "austronesian": {"train_f1": 0.9568661712110043, "eval_f1": 0.946443073451519}}, "XLMRoBERTaBiLSTM": {"germanic": {"train_f1": 0.8534888904541731, "eval_f1": 0.8538915552198887}, "romance": {"train_f1": 0.854522354900837, "eval_f1": 0.8650045990943909}, "slavic": {"train_f1": 0.9582484383136034, "eval_f1": 0.9481206182390451}, "south-asian-indic": {"train_f1": 0.9318974316120148, "eval_f1": 0.9253096897155046}, "turkic": {"train_f1": 0.9429423827677965, "eval_f1": 0.9330257512629032}, "austronesian": {"train_f1": 0.9636998176574707, "eval_f1": 0.9506378956139088}}, "XLMRoBERTaBiLSTMCRF": {"germanic": {"train_f1": 0.8411354478448629, "eval_f1": 0.8335739281028509}, "romance": {"train_f1": 0.8553934562951326, "eval_f1": 0.8713131826370955}, "slavic": {"train_f1": 0.9625656642019749, "eval_f1": 0.9466146174818277}, "south-asian-indic": {"train_f1": 0.9248486179858446, "eval_f1": 0.9177647922188044}, "turkic": {"train_f1": 0.9517320804297924, "eval_f1": 0.9406182784587145}, "austronesian": {"train_f1": 0.9675693269819021, "eval_f1": 0.9520081989467144}}}