{"BERT": {"germanic": {"train_f1": 0.8401136596997579, "eval_f1": 0.8343847138541085}, "romance": {"train_f1": 0.8415601717101203, "eval_f1": 0.8470122237054128}, "slavic": {"train_f1": 0.9390035602781508, "eval_f1": 0.9321917144079057}, "south-asian-indic": {"train_f1": 0.8958915415264311, "eval_f1": 0.8860996715606205}, "turkic": {"train_f1": 0.9312865355658153, "eval_f1": 0.9329603872601948}, "austronesian": {"train_f1": 0.9504240003843156, "eval_f1": 0.9411543541484408}}, "BERTBiLSTM": {"germanic": {"train_f1": 0.8349539079363384, "eval_f1": 0.8281342992706905}, "romance": {"train_f1": 0.8536572418515644, "eval_f1": 0.8610332589300852}, "slavic": {"train_f1": 0.9368376135826111, "eval_f1": 0.9306075771649679}, "south-asian-indic": {"train_f1": 0.8976489958308992, "eval_f1": 0.886722519284203}, "turkic": {"train_f1": 0.9319451905432201, "eval_f1": 0.931341412521544}, "austronesian": {"train_f1": 0.9507721880125621, "eval_f1": 0.9268262462010459}}, "BERTBiLSTMCRF": {"germanic": {"train_f1": 0.8388829675931779, "eval_f1": 0.8367640555851044}, "romance": {"train_f1": 0.8491250711774069, "eval_f1": 0.8591021072296869}, "slavic": {"train_f1": 0.9327563917826093, "eval_f1": 0.9245045800057669}, "south-asian-indic": {"train_f1": 0.9008147584067451, "eval_f1": 0.8884111065713186}, "turkic": {"train_f1": 0.9308323037056696, "eval_f1": 0.9313267242340815}, "austronesian": {"train_f1": 0.952590234695919, "eval_f1": 0.9345847898059421}}, "XLMRoBERTa": {"germanic": {"train_f1": 0.8445354425717914, "eval_f1": 0.8414810971608238}, "romance": {"train_f1": 0.8439702703839257, "eval_f1": 0.8502445939987425}, "slavic": {"train_f1": 0.9524632257128519, "eval_f1": 0.9368961320983039}, "south-asian-indic": {"train_f1": 0.9193966502235049, "eval_f1": 0.9067029725937616}, "turkic": {"train_f1": 0.9430208177793593, "eval_f1": 0.9424058463838365}, "austronesian": {"train_f1": 0.9562480780813429, "eval_f1": 0.94656959601811}}, "XLMRoBERTaBiLSTM": {"germanic": {"train_f1": 0.8521091947479854, "eval_f1": 0.843501297254411}, "romance": {"train_f1": 0.843971638452439, "eval_f1": 0.8595508838456775}, "slavic": {"train_f1": 0.9513601187675719, "eval_f1": 0.9403493801752726}, "south-asian-indic": {"train_f1": 0.9232770280232505, "eval_f1": 0.9026046480451312}, "turkic": {"train_f1": 0.9469870735728552, "eval_f1": 0.9466418879372733}, "austronesian": {"train_f1": 0.9607542999207027, "eval_f1": 0.9413496965453738}}, "XLMRoBERTaBiLSTMCRF": {"germanic": {"train_f1": 0.844951365675245, "eval_f1": 0.8435106627524845}, "romance": {"train_f1": 0.8441185326803298, "eval_f1": 0.8588116774483333}, "slavic": {"train_f1": 0.9545296269749838, "eval_f1": 0.9426274252316308}, "south-asian-indic": {"train_f1": 0.928265529019492, "eval_f1": 0.9130582308012342}, "turkic": {"train_f1": 0.948293906355661, "eval_f1": 0.9390406655886817}, "austronesian": {"train_f1": 0.9627749815819755, "eval_f1": 0.9501661894813417}}}