{"BERT": {"germanic": {"train_f1": 0.7516235709190369, "eval_f1": 0.756527379155159}, "romance": {"train_f1": 0.7974668741226196, "eval_f1": 0.8196240812540054}, "slavic": {"train_f1": 0.8546644896268845, "eval_f1": 0.8093568533658981}, "south-asian-indic": {"train_f1": 0.8522008806467056, "eval_f1": 0.818215399980545}, "turkic": {"train_f1": 0.8656973838806152, "eval_f1": 0.6561192348599434}, "austronesian": {"train_f1": 0.9609388262033463, "eval_f1": 0.9075596779584885}}, "BERTBiLSTM": {"germanic": {"train_f1": 0.8220656365156174, "eval_f1": 0.7827372699975967}, "romance": {"train_f1": 0.7024080157279968, "eval_f1": 0.6819495111703873}, "slavic": {"train_f1": 0.8347518295049667, "eval_f1": 0.7698719650506973}, "south-asian-indic": {"train_f1": 0.8343942016363144, "eval_f1": 0.8218004405498505}, "turkic": {"train_f1": 0.7897192388772964, "eval_f1": 0.7139404714107513}, "austronesian": {"train_f1": 0.9331508427858353, "eval_f1": 0.904114156961441}}, "BERTBiLSTMCRF": {"germanic": {"train_f1": 0.756414994597435, "eval_f1": 0.6854265928268433}, "romance": {"train_f1": 0.8210234493017197, "eval_f1": 0.7487848848104477}, "slavic": {"train_f1": 0.8573639094829559, "eval_f1": 0.7904148101806641}, "south-asian-indic": {"train_f1": 0.8617820590734482, "eval_f1": 0.9047538340091705}, "turkic": {"train_f1": 0.8217411935329437, "eval_f1": 0.7134634256362915}, "austronesian": {"train_f1": 0.9591019302606583, "eval_f1": 0.9110741168260574}}, "XLMRoBERTa": {"germanic": {"train_f1": 0.7998596280813217, "eval_f1": 0.7917843759059906}, "romance": {"train_f1": 0.6616187691688538, "eval_f1": 0.526562612503767}, "slavic": {"train_f1": 0.7081015259027481, "eval_f1": 0.5971882417798042}, "south-asian-indic": {"train_f1": 0.7337605059146881, "eval_f1": 0.7435816526412964}, "turkic": {"train_f1": 0.7454185634851456, "eval_f1": 0.727820485830307}, "austronesian": {"train_f1": 0.951323926448822, "eval_f1": 0.9385978132486343}}, "XLMRoBERTaBiLSTM": {"germanic": {"train_f1": 0.7537421882152557, "eval_f1": 0.7289891988039017}, "romance": {"train_f1": 0.8116288185119629, "eval_f1": 0.7959424406290054}, "slavic": {"train_f1": 0.7248241752386093, "eval_f1": 0.7134498357772827}, "south-asian-indic": {"train_f1": 0.7775279879570007, "eval_f1": 0.745832547545433}, "turkic": {"train_f1": 0.761911004781723, "eval_f1": 0.6973759680986404}, "austronesian": {"train_f1": 0.9603985995054245, "eval_f1": 0.9332655072212219}}, "XLMRoBERTaBiLSTMCRF": {"germanic": {"train_f1": 0.7549578845500946, "eval_f1": 0.7368621826171875}, "romance": {"train_f1": 0.728296771645546, "eval_f1": 0.6766594052314758}, "slavic": {"train_f1": 0.8430012762546539, "eval_f1": 0.7992910742759705}, "south-asian-indic": {"train_f1": 0.8108830004930496, "eval_f1": 0.7951969504356384}, "turkic": {"train_f1": 0.8493399173021317, "eval_f1": 0.7971857637166977}, "austronesian": {"train_f1": 0.9514217227697372, "eval_f1": 0.940748929977417}}}