{"mg": {"train_losses": [25.056822204589842, 14.295499038696288, 7.003417587280273, 3.648085689544678, 2.3514915466308595, 1.6206669807434082, 1.3101611137390137, 1.100134003162384, 0.8867074370384216], "val_losses": [20.544307708740234, 12.648627281188965, 7.141331195831299, 7.133912086486816, 3.7051849365234375, 6.710628509521484, 7.497247695922852, 5.88328742980957, 5.960846900939941], "train_f1s": [0.5278414245620217, 0.7580640977711905, 0.8782559838268247, 0.9442134341882855, 0.9706426751693188, 0.9826008876655589, 0.9847376669741926, 0.9884452225643253, 0.9899328779230079], "val_f1s": [0.6615646258503401, 0.75, 0.8792517006802721, 0.8894557823129252, 0.9438775510204082, 0.9115646258503401, 0.891156462585034, 0.9115646258503401, 0.9149659863945578]}, "fo": {"train_losses": [25.253953170776366, 21.653328704833985, 19.479496002197266, 16.789851188659668, 14.172056579589844, 12.55634365081787, 10.094363594055176, 7.5584409713745115, 5.718985891342163, 4.464821910858154, 3.5948513984680175, 2.7316240072250366, 2.2922354698181153, 2.02155864238739, 1.8263935089111327, 1.586334776878357, 1.4924915552139282, 1.6285701036453246, 1.1898308038711547, 1.0690057516098022], "val_losses": [21.297016143798828, 19.302513122558594, 17.839197158813477, 15.822868347167969, 13.708975791931152, 13.640134811401367, 12.141251564025879, 9.72307014465332, 8.460546493530273, 8.218902587890625, 8.151927947998047, 8.038859367370605, 8.174848556518555, 8.979001998901367, 6.689930438995361, 6.022524833679199, 6.946014881134033, 6.876825332641602, 6.07069206237793, 6.453511714935303], "train_f1s": [0.6313063607895353, 0.7052848328661412, 0.7063473715564629, 0.7341369897353714, 0.7767199641403603, 0.8028363476898065, 0.8428094731829734, 0.8884960060643854, 0.9149061293513261, 0.9397780524057625, 0.9478568371450529, 0.9576779374487983, 0.9696299788103238, 0.9733723402052803, 0.9766278674649037, 0.979601523574227, 0.9816310161251985, 0.97833287387385, 0.9895064522683634, 0.9900045613719687], "val_f1s": [0.697841726618705, 0.697841726618705, 0.7014388489208633, 0.7410071942446043, 0.7787769784172662, 0.7553956834532374, 0.8309352517985612, 0.8345323741007195, 0.8758992805755396, 0.8776978417266187, 0.8705035971223022, 0.8938848920863309, 0.8902877697841727, 0.8633093525179856, 0.9010791366906474, 0.9154676258992805, 0.8992805755395683, 0.908273381294964, 0.9154676258992805, 0.9154676258992805]}, "co": {"train_losses": [17.269665336608888, 13.705083465576172, 11.564600372314453, 8.265893840789795, 6.986721134185791, 5.419318199157715, 4.648871040344238, 3.691141414642334, 3.0309964179992677, 2.5486289501190185, 2.338811469078064, 1.9390830993652344, 1.3680473566055298, 1.1853954553604127, 0.9447255849838256, 0.861575698852539, 0.7810555577278138, 0.6720729470252991, 0.5997621297836304, 0.5766794323921204], "val_losses": [14.367159843444824, 13.09464168548584, 10.227606773376465, 9.74522590637207, 8.260478973388672, 8.145405769348145, 7.101497650146484, 7.892062664031982, 7.42866849899292, 7.629526615142822, 6.022764682769775, 6.634983062744141, 6.612271308898926, 6.611203670501709, 7.190523624420166, 7.237884998321533, 6.538962364196777, 6.440345764160156, 6.429469585418701, 6.566468715667725], "train_f1s": [0.543453284905979, 0.648974734440132, 0.6964351676425042, 0.7972506001782974, 0.8112377174460385, 0.8515623002509842, 0.875169533492634, 0.9005124411653032, 0.9269774268716009, 0.9379449666284725, 0.9426657938386833, 0.9560886954469, 0.9805479341866377, 0.9799048666184701, 0.989614757756873, 0.9888353933861271, 0.9908259505834442, 0.9928043895817208, 0.9962509710850169, 0.9972562307297803], "val_f1s": [0.6092307692307692, 0.6092307692307692, 0.7015384615384616, 0.6646153846153846, 0.7353846153846154, 0.7815384615384615, 0.7630769230769231, 0.7846153846153846, 0.7938461538461539, 0.803076923076923, 0.8153846153846154, 0.8246153846153846, 0.84, 0.8369230769230769, 0.84, 0.8246153846153846, 0.8369230769230769, 0.8430769230769231, 0.8430769230769231, 0.8461538461538461]}, "hsb": {"train_losses": [29.9402214050293, 24.67808418273926, 21.26931381225586, 16.724099731445314, 10.496535491943359, 7.199993133544922, 6.766218280792236, 5.3369324684143065, 4.048786735534668, 3.0885406017303465, 2.342434215545654, 1.923113751411438, 1.478086519241333, 1.3052123546600343, 1.2439210891723633, 1.195830273628235, 0.9647538423538208, 0.7844186305999756, 0.6797202944755554, 0.5951590180397034], "val_losses": [22.82530975341797, 20.197423934936523, 17.925216674804688, 12.531588554382324, 9.793574333190918, 8.671989440917969, 6.438687324523926, 5.6554274559021, 6.129930019378662, 6.129270076751709, 4.9655842781066895, 4.739014148712158, 4.309154033660889, 4.0999298095703125, 5.254154682159424, 4.679049015045166, 3.9868454933166504, 4.035305976867676, 3.981926202774048, 3.8036348819732666], "train_f1s": [0.523105172687991, 0.6218120692397152, 0.6398232894623075, 0.7293663078361662, 0.833909074160417, 0.8946753309451397, 0.8899857356796306, 0.9211243914824141, 0.9421600977207494, 0.9615478384745628, 0.9751715985289838, 0.9787699600844861, 0.9879723714738408, 0.9912986662108878, 0.987743380285683, 0.9917540855129852, 0.9943111082625334, 0.9972732401192921, 0.9981047135454059, 0.9989757774325906], "val_f1s": [0.5826612903225806, 0.5826612903225806, 0.6693548387096774, 0.7600806451612904, 0.8366935483870968, 0.842741935483871, 0.8810483870967742, 0.9032258064516129, 0.8931451612903226, 0.9133064516129032, 0.9112903225806451, 0.9193548387096774, 0.9314516129032258, 0.9395161290322581, 0.9092741935483871, 0.9294354838709677, 0.9395161290322581, 0.9354838709677419, 0.9455645161290323, 0.9395161290322581]}, "bh": {"train_losses": [28.37817268371582, 21.142602920532227, 18.77075080871582, 16.3993070602417, 13.679306602478027, 12.212089729309081, 10.707398796081543, 9.908425903320312, 7.930588340759277, 6.417747974395752, 5.304991817474365, 5.168380308151245, 4.245230388641358, 4.057294225692749, 3.110892152786255, 2.594647979736328, 1.9389786005020142, 1.505942153930664, 1.218972873687744, 1.0260290145874023], "val_losses": [20.371641159057617, 18.664438247680664, 16.887781143188477, 14.355314254760742, 13.305383682250977, 13.239720344543457, 13.198634147644043, 11.730281829833984, 10.769546508789062, 10.858028411865234, 9.39937973022461, 8.67582893371582, 9.618223190307617, 8.57979679107666, 8.212221145629883, 7.634072303771973, 7.08858060836792, 7.168017864227295, 8.234307289123535, 8.223535537719727], "train_f1s": [0.6161301639916925, 0.6839049629193065, 0.7069892366485917, 0.7695094460769081, 0.8242353277209556, 0.8398050663981855, 0.8642523199254455, 0.870878900727217, 0.8916684235386555, 0.9107311090991825, 0.9260641467180639, 0.9197569381281003, 0.935596835989452, 0.947273506246284, 0.9583588511762857, 0.9709251069851719, 0.9765477626975578, 0.9875178811019725, 0.9906893146758444, 0.9926425321562066], "val_f1s": [0.6786355475763016, 0.6876122082585279, 0.755834829443447, 0.8168761220825853, 0.8240574506283662, 0.8240574506283662, 0.8168761220825853, 0.8114901256732495, 0.8384201077199281, 0.8204667863554758, 0.8509874326750448, 0.8635547576301615, 0.8438061041292639, 0.8689407540394973, 0.8617594254937163, 0.8886894075403949, 0.8976660682226212, 0.8850987432675045, 0.8833034111310593, 0.8850987432675045]}, "cv": {"train_losses": [32.8768669128418, 24.373699188232422, 18.16743450164795, 13.617732620239257, 10.381950950622558, 8.74344186782837, 5.734872055053711, 4.283459281921386, 4.086500883102417, 2.908436107635498, 2.285609745979309, 1.8472341537475585, 1.677750039100647, 1.3336949348449707, 1.2324222803115845, 0.9529781222343445, 0.8105012655258179, 0.692739462852478, 0.6172375082969666],