{"fo": {"train_f1": 0.9681131504303654, "val_f1": 0.8908278409244964}, "co": {"train_f1": 0.9480602562119484, "val_f1": 0.8512633060794338}, "hsb": {"train_f1": 0.9767340716108007, "val_f1": 0.919747737853624}, "bh": {"train_f1": 0.958225268745758, "val_f1": 0.8943012134244706}, "cv": {"train_f1": 0.9662466198666, "val_f1": 0.893810666515115}, "mg": {"train_f1": 0.9927247597125273, "val_f1": 0.9726490375283126}}