{"BERT": {"fo": {"train_f1": 0.9346868416147412, "val_f1": 0.8666856375983236}, "co": {"train_f1": 0.9117862470105681, "val_f1": 0.8341988617246148}, "hsb": {"train_f1": 0.9517740009383882, "val_f1": 0.9058150687201074}, "bh": {"train_f1": 0.913980315307003, "val_f1": 0.8818174808900892}, "cv": {"train_f1": 0.9547341658634336, "val_f1": 0.8783790433369628}, "mg": {"train_f1": 0.9790703370015169, "val_f1": 0.9633468601722731}}, "BERT-CRF": {"fo": {"train_f1": 0.9673203147534892, "val_f1": 0.8879260141515719}, "co": {"train_f1": 0.9198531487486195, "val_f1": 0.8463670746609923}, "hsb": {"train_f1": 0.9786675144614886, "val_f1": 0.9197294675929373}, "bh": {"train_f1": 0.9607005568022442, "val_f1": 0.8972937645391754}, "cv": {"train_f1": 0.968023661641071, "val_f1": 0.9054191858987547}, "mg": {"train_f1": 0.9917130018956936, "val_f1": 0.9707433189997683}}, "BERT-Bilstm": {"fo": {"train_f1": 0.7486845370583903, "val_f1": 0.7387341548744468}, "co": {"train_f1": 0.6695604962024203, "val_f1": 0.6962118163905616}, "hsb": {"train_f1": 0.8530283240357426, "val_f1": 0.8362811439229372}, "bh": {"train_f1": 0.7035719080882613, "val_f1": 0.7284876930807036}, "cv": {"train_f1": 0.8746745023505922, "val_f1": 0.8261359243787088}, "mg": {"train_f1": 0.9512806833554892, "val_f1": 0.9389292634617348}}, "BERT-Bilstm-CRF": {"fo": {"train_f1": 0.8709265709911828, "val_f1": 0.8402932898341676}, "co": {"train_f1": 0.9289393753552538, "val_f1": 0.8347002110215807}, "hsb": {"train_f1": 0.9562418698665447, "val_f1": 0.9046430200654839}, "bh": {"train_f1": 0.9010322630765766, "val_f1": 0.8585800635937572}, "cv": {"train_f1": 0.9640672124625453, "val_f1": 0.8891831503644483}, "mg": {"train_f1": 0.9888288208176071, "val_f1": 0.967820188459313}}}