{"fo_is": {"train_f1": 0.9784588729589103, "val_f1": 0.9065248669037265}}