{"fo_is": {"train_f1": 0.9736647757692423, "val_f1": 0.9132968498096327}, "co_it": {"train_f1": 0.9595063389218069, "val_f1": 0.887497059326571}, "hsb_pl": {"train_f1": 0.9763326424891678, "val_f1": 0.9256954360777087}, "bh_hi": {"train_f1": 0.9549012296629836, "val_f1": 0.8969596085319497}, "cv_tt": {"train_f1": 0.9843164326352746, "val_f1": 0.9176788203517313}, "mg_id": {"train_f1": 0.9809888014009411, "val_f1": 0.9786462232033465}}