{"fo_is": {"train_f1": 0.9849203789908133, "val_f1": 0.924826959411708}, "co_it": {"train_f1": 0.9760907831555674, "val_f1": 0.8921794214565473}, "hsb_pl": {"train_f1": 0.9885030979082462, "val_f1": 0.9389698080649385}, "bh_hi": {"train_f1": 0.9678291142352424, "val_f1": 0.9038653436441614}, "cv_tt": {"train_f1": 0.9784852474921223, "val_f1": 0.9243789775840398}, "mg_id": {"train_f1": 0.990771663507496, "val_f1": 0.9856652685280674}}